theme,sub_theme,topic,geography_type,geography,metric,sex,age,stratum,year,date,metric_value,in_reporting_delay_period
infectious_disease,respiratory,COVID-19,Nation,England,COVID-19_healthcare_admissionByDay,all,all,default,2024,2024-10-31,253.0000,False
infectious_disease,respiratory,COVID-19,Nation,England,COVID-19_healthcare_admissionByDay,all,all,default,2024,2024-10-30,282.0000,False
infectious_disease,respiratory,COVID-19,Nation,England,COVID-19_healthcare_admissionByDay,all,all,default,2024,2024-10-29,285.0000,False
infectious_disease,respiratory,COVID-19,Nation,England,COVID-19_healthcare_admissionByDay,all,all,default,2024,2024-10-28,317.0000,False
infectious_disease,respiratory,COVID-19,Nation,England,COVID-19_healthcare_admissionByDay,all,all,default,2024,2024-10-27,281.0000,False
infectious_disease,respiratory,COVID-19,Nation,England,COVID-19_healthcare_admissionByDay,all,all,default,2024,2024-10-26,251.0000,False
infectious_disease,respiratory,COVID-19,Nation,England,COVID-19_healthcare_admissionByDay,all,all,default,2024,2024-10-25,293.0000,False
infectious_disease,respiratory,COVID-19,Nation,England,COVID-19_healthcare_admissionByDay,all,all,default,2024,2024-10-24,354.0000,False
infectious_disease,respiratory,COVID-19,Nation,England,COVID-19_healthcare_admissionByDay,all,all,default,2024,2024-10-23,379.0000,False
infectious_disease,respiratory,COVID-19,Nation,England,COVID-19_healthcare_admissionByDay,all,all,default,2024,2024-10-22,367.0000,False
infectious_disease,respiratory,COVID-19,Nation,England,COVID-19_healthcare_admissionByDay,all,all,default,2024,2024-10-21,447.0000,False
infectious_disease,respiratory,COVID-19,Nation,England,COVID-19_healthcare_admissionByDay,all,all,default,2024,2024-10-20,401.0000,False
infectious_disease,respiratory,COVID-19,Nation,England,COVID-19_healthcare_admissionByDay,all,all,default,2024,2024-10-19,320.0000,False
infectious_disease,respiratory,COVID-19,Nation,England,COVID-19_healthcare_admissionByDay,all,all,default,2024,2024-10-18,364.0000,False
infectious_disease,respiratory,COVID-19,Nation,England,COVID-19_healthcare_admissionByDay,all,all,default,2024,2024-10-17,460.0000,False
infectious_disease,respiratory,COVID-19,Nation,England,COVID-19_healthcare_admissionByDay,all,all,default,2024,2024-10-16,525.0000,False
infectious_disease,respiratory,COVID-19,Nation,England,COVID-19_healthcare_admissionByDay,all,all,default,2024,2024-10-15,473.0000,False
infectious_disease,respiratory,COVID-19,Nation,England,COVID-19_healthcare_admissionByDay,all,all,default,2024,2024-10-14,429.0000,False
infectious_disease,respiratory,COVID-19,Nation,England,COVID-19_healthcare_admissionByDay,all,all,default,2024,2024-10-13,418.0000,False
infectious_disease,respiratory,COVID-19,Nation,England,COVID-19_healthcare_admissionByDay,all,all,default,2024,2024-10-12,284.0000,False
infectious_disease,respiratory,COVID-19,Nation,England,COVID-19_healthcare_admissionByDay,all,all,default,2024,2024-10-11,319.0000,False
infectious_disease,respiratory,COVID-19,Nation,England,COVID-19_healthcare_admissionByDay,all,all,default,2024,2024-10-10,391.0000,False
infectious_disease,respiratory,COVID-19,Nation,England,COVID-19_healthcare_admissionByDay,all,all,default,2024,2024-10-09,474.0000,False
infectious_disease,respiratory,COVID-19,Nation,England,COVID-19_healthcare_admissionByDay,all,all,default,2024,2024-10-08,437.0000,False
infectious_disease,respiratory,COVID-19,Nation,England,COVID-19_healthcare_admissionByDay,all,all,default,2024,2024-10-07,520.0000,False
infectious_disease,respiratory,COVID-19,Nation,England,COVID-19_healthcare_admissionByDay,all,all,default,2024,2024-10-06,503.0000,False
infectious_disease,respiratory,COVID-19,Nation,England,COVID-19_healthcare_admissionByDay,all,all,default,2024,2024-10-05,361.0000,False
infectious_disease,respiratory,COVID-19,Nation,England,COVID-19_healthcare_admissionByDay,all,all,default,2024,2024-10-04,385.0000,False
infectious_disease,respiratory,COVID-19,Nation,England,COVID-19_healthcare_admissionByDay,all,all,default,2024,2024-10-03,409.0000,False
infectious_disease,respiratory,COVID-19,Nation,England,COVID-19_healthcare_admissionByDay,all,all,default,2024,2024-10-02,407.0000,False
infectious_disease,respiratory,COVID-19,Nation,England,COVID-19_healthcare_admissionByDay,all,all,default,2024,2024-10-01,498.0000,False
infectious_disease,respiratory,COVID-19,Nation,England,COVID-19_healthcare_admissionByDay,all,all,default,2024,2024-09-30,415.0000,False
infectious_disease,respiratory,COVID-19,Nation,England,COVID-19_healthcare_admissionByDay,all,all,default,2024,2024-09-29,354.0000,False
infectious_disease,respiratory,COVID-19,Nation,England,COVID-19_healthcare_admissionByDay,all,all,default,2024,2024-09-28,288.0000,False
infectious_disease,respiratory,COVID-19,Nation,England,COVID-19_healthcare_admissionByDay,all,all,default,2024,2024-09-27,302.0000,False
infectious_disease,respiratory,COVID-19,Nation,England,COVID-19_healthcare_admissionByDay,all,all,default,2024,2024-09-26,373.0000,False
infectious_disease,respiratory,COVID-19,Nation,England,COVID-19_healthcare_admissionByDay,all,all,default,2024,2024-09-25,377.0000,False
infectious_disease,respiratory,COVID-19,Nation,England,COVID-19_healthcare_admissionByDay,all,all,default,2024,2024-09-24,439.0000,False
infectious_disease,respiratory,COVID-19,Nation,England,COVID-19_healthcare_admissionByDay,all,all,default,2024,2024-09-23,431.0000,False
infectious_disease,respiratory,COVID-19,Nation,England,COVID-19_healthcare_admissionByDay,all,all,default,2024,2024-09-22,412.0000,False
infectious_disease,respiratory,COVID-19,Nation,England,COVID-19_healthcare_admissionByDay,all,all,default,2024,2024-09-21,335.0000,False
infectious_disease,respiratory,COVID-19,Nation,England,COVID-19_healthcare_admissionByDay,all,all,default,2024,2024-09-20,304.0000,False
infectious_disease,respiratory,COVID-19,Nation,England,COVID-19_healthcare_admissionByDay,all,all,default,2024,2024-09-19,385.0000,False
infectious_disease,respiratory,COVID-19,Nation,England,COVID-19_healthcare_admissionByDay,all,all,default,2024,2024-09-18,393.0000,False
infectious_disease,respiratory,COVID-19,Nation,England,COVID-19_healthcare_admissionByDay,all,all,default,2024,2024-09-17,355.0000,False
infectious_disease,respiratory,COVID-19,Nation,England,COVID-19_healthcare_admissionByDay,all,all,default,2024,2024-09-16,357.0000,False
infectious_disease,respiratory,COVID-19,Nation,England,COVID-19_healthcare_admissionByDay,all,all,default,2024,2024-09-15,344.0000,False
infectious_disease,respiratory,COVID-19,Nation,England,COVID-19_healthcare_admissionByDay,all,all,default,2024,2024-09-14,224.0000,False
infectious_disease,respiratory,COVID-19,Nation,England,COVID-19_healthcare_admissionByDay,all,all,default,2024,2024-09-13,234.0000,False
infectious_disease,respiratory,COVID-19,Nation,England,COVID-19_healthcare_admissionByDay,all,all,default,2024,2024-09-12,240.0000,False
infectious_disease,respiratory,COVID-19,Nation,England,COVID-19_healthcare_admissionByDay,all,all,default,2024,2024-09-11,251.0000,False
infectious_disease,respiratory,COVID-19,Nation,England,COVID-19_healthcare_admissionByDay,all,all,default,2024,2024-09-10,270.0000,False
infectious_disease,respiratory,COVID-19,Nation,England,COVID-19_healthcare_admissionByDay,all,all,default,2024,2024-09-09,256.0000,False
infectious_disease,respiratory,COVID-19,Nation,England,COVID-19_healthcare_admissionByDay,all,all,default,2024,2024-09-08,256.0000,False
infectious_disease,respiratory,COVID-19,Nation,England,COVID-19_healthcare_admissionByDay,all,all,default,2024,2024-09-07,174.0000,False
infectious_disease,respiratory,COVID-19,Nation,England,COVID-19_healthcare_admissionByDay,all,all,default,2024,2024-09-06,182.0000,False
infectious_disease,respiratory,COVID-19,Nation,England,COVID-19_healthcare_admissionByDay,all,all,default,2024,2024-09-05,242.0000,False
infectious_disease,respiratory,COVID-19,Nation,England,COVID-19_healthcare_admissionByDay,all,all,default,2024,2024-09-04,240.0000,False
infectious_disease,respiratory,COVID-19,Nation,England,COVID-19_healthcare_admissionByDay,all,all,default,2024,2024-09-03,239.0000,False
infectious_disease,respiratory,COVID-19,Nation,England,COVID-19_healthcare_admissionByDay,all,all,default,2024,2024-09-02,241.0000,False
infectious_disease,respiratory,COVID-19,Nation,England,COVID-19_healthcare_admissionByDay,all,all,default,2024,2024-09-01,233.0000,False
infectious_disease,respiratory,COVID-19,Nation,England,COVID-19_healthcare_admissionByDay,all,all,default,2024,2024-08-31,182.0000,False
infectious_disease,respiratory,COVID-19,Nation,England,COVID-19_healthcare_admissionByDay,all,all,default,2024,2024-08-30,199.0000,False
infectious_disease,respiratory,COVID-19,Nation,England,COVID-19_healthcare_admissionByDay,all,all,default,2024,2024-08-29,233.0000,False
infectious_disease,respiratory,COVID-19,Nation,England,COVID-19_healthcare_admissionByDay,all,all,default,2024,2024-08-28,222.0000,False
infectious_disease,respiratory,COVID-19,Nation,England,COVID-19_healthcare_admissionByDay,all,all,default,2024,2024-08-27,253.0000,False
infectious_disease,respiratory,COVID-19,Nation,England,COVID-19_healthcare_admissionByDay,all,all,default,2024,2024-08-26,232.0000,False
infectious_disease,respiratory,COVID-19,Nation,England,COVID-19_healthcare_admissionByDay,all,all,default,2024,2024-08-25,191.0000,False
infectious_disease,respiratory,COVID-19,Nation,England,COVID-19_healthcare_admissionByDay,all,all,default,2024,2024-08-24,170.0000,False
infectious_disease,respiratory,COVID-19,Nation,England,COVID-19_healthcare_admissionByDay,all,all,default,2024,2024-08-23,164.0000,False
infectious_disease,respiratory,COVID-19,Nation,England,COVID-19_healthcare_admissionByDay,all,all,default,2024,2024-08-22,195.0000,False
infectious_disease,respiratory,COVID-19,Nation,England,COVID-19_healthcare_admissionByDay,all,all,default,2024,2024-08-21,227.0000,False
infectious_disease,respiratory,COVID-19,Nation,England,COVID-19_healthcare_admissionByDay,all,all,default,2024,2024-08-20,222.0000,False
infectious_disease,respiratory,COVID-19,Nation,England,COVID-19_healthcare_admissionByDay,all,all,default,2024,2024-08-19,240.0000,False
infectious_disease,respiratory,COVID-19,Nation,England,COVID-19_healthcare_admissionByDay,all,all,default,2024,2024-08-18,257.0000,False
infectious_disease,respiratory,COVID-19,Nation,England,COVID-19_healthcare_admissionByDay,all,all,default,2024,2024-08-17,198.0000,False
infectious_disease,respiratory,COVID-19,Nation,England,COVID-19_healthcare_admissionByDay,all,all,default,2024,2024-08-16,230.0000,False
infectious_disease,respiratory,COVID-19,Nation,England,COVID-19_healthcare_admissionByDay,all,all,default,2024,2024-08-15,255.0000,False
infectious_disease,respiratory,COVID-19,Nation,England,COVID-19_healthcare_admissionByDay,all,all,default,2024,2024-08-14,269.0000,False
infectious_disease,respiratory,COVID-19,Nation,England,COVID-19_healthcare_admissionByDay,all,all,default,2024,2024-08-13,277.0000,False
infectious_disease,respiratory,COVID-19,Nation,England,COVID-19_healthcare_admissionByDay,all,all,default,2024,2024-08-12,303.0000,False
infectious_disease,respiratory,COVID-19,Nation,England,COVID-19_healthcare_admissionByDay,all,all,default,2024,2024-08-11,274.0000,False
infectious_disease,respiratory,COVID-19,Nation,England,COVID-19_healthcare_admissionByDay,all,all,default,2024,2024-08-10,221.0000,False
infectious_disease,respiratory,COVID-19,Nation,England,COVID-19_healthcare_admissionByDay,all,all,default,2024,2024-08-09,219.0000,False
infectious_disease,respiratory,COVID-19,Nation,England,COVID-19_healthcare_admissionByDay,all,all,default,2024,2024-08-08,342.0000,False
infectious_disease,respiratory,COVID-19,Nation,England,COVID-19_healthcare_admissionByDay,all,all,default,2024,2024-08-07,295.0000,False
infectious_disease,respiratory,COVID-19,Nation,England,COVID-19_healthcare_admissionByDay,all,all,default,2024,2024-08-06,335.0000,False
infectious_disease,respiratory,COVID-19,Nation,England,COVID-19_healthcare_admissionByDay,all,all,default,2024,2024-08-05,366.0000,False
infectious_disease,respiratory,COVID-19,Nation,England,COVID-19_healthcare_admissionByDay,all,all,default,2024,2024-08-04,351.0000,False
infectious_disease,respiratory,COVID-19,Nation,England,COVID-19_healthcare_admissionByDay,all,all,default,2024,2024-08-03,277.0000,False
infectious_disease,respiratory,COVID-19,Nation,England,COVID-19_healthcare_admissionByDay,all,all,default,2024,2024-08-02,332.0000,False
infectious_disease,respiratory,COVID-19,Nation,England,COVID-19_healthcare_admissionByDay,all,all,default,2024,2024-08-01,419.0000,False
infectious_disease,respiratory,COVID-19,Nation,England,COVID-19_healthcare_admissionByDay,all,all,default,2024,2024-07-31,423.0000,False
infectious_disease,respiratory,COVID-19,Nation,England,COVID-19_healthcare_admissionByDay,all,all,default,2024,2024-07-30,452.0000,False
infectious_disease,respiratory,COVID-19,Nation,England,COVID-19_healthcare_admissionByDay,all,all,default,2024,2024-07-29,423.0000,False
infectious_disease,respiratory,COVID-19,Nation,England,COVID-19_healthcare_admissionByDay,all,all,default,2024,2024-07-28,362.0000,False
infectious_disease,respiratory,COVID-19,Nation,England,COVID-19_healthcare_admissionByDay,all,all,default,2024,2024-07-27,310.0000,False
infectious_disease,respiratory,COVID-19,Nation,England,COVID-19_healthcare_admissionByDay,all,all,default,2024,2024-07-26,317.0000,False
infectious_disease,respiratory,COVID-19,Nation,England,COVID-19_healthcare_admissionByDay,all,all,default,2024,2024-07-25,372.0000,False
infectious_disease,respiratory,COVID-19,Nation,England,COVID-19_healthcare_admissionByDay,all,all,default,2024,2024-07-24,459.0000,False
infectious_disease,respiratory,COVID-19,Nation,England,COVID-19_healthcare_admissionByDay,all,all,default,2024,2024-07-23,470.0000,False
infectious_disease,respiratory,COVID-19,Nation,England,COVID-19_healthcare_admissionByDay,all,all,default,2024,2024-07-22,455.0000,False
infectious_disease,respiratory,COVID-19,Nation,England,COVID-19_healthcare_admissionByDay,all,all,default,2024,2024-07-21,442.0000,False
infectious_disease,respiratory,COVID-19,Nation,England,COVID-19_healthcare_admissionByDay,all,all,default,2024,2024-07-20,361.0000,False
infectious_disease,respiratory,COVID-19,Nation,England,COVID-19_healthcare_admissionByDay,all,all,default,2024,2024-07-19,427.0000,False
infectious_disease,respiratory,COVID-19,Nation,England,COVID-19_healthcare_admissionByDay,all,all,default,2024,2024-07-18,483.0000,False
infectious_disease,respiratory,COVID-19,Nation,England,COVID-19_healthcare_admissionByDay,all,all,default,2024,2024-07-17,501.0000,False
infectious_disease,respiratory,COVID-19,Nation,England,COVID-19_healthcare_admissionByDay,all,all,default,2024,2024-07-16,481.0000,False
infectious_disease,respiratory,COVID-19,Nation,England,COVID-19_healthcare_admissionByDay,all,all,default,2024,2024-07-15,458.0000,False
infectious_disease,respiratory,COVID-19,Nation,England,COVID-19_healthcare_admissionByDay,all,all,default,2024,2024-07-14,513.0000,False
infectious_disease,respiratory,COVID-19,Nation,England,COVID-19_healthcare_admissionByDay,all,all,default,2024,2024-07-13,342.0000,False
infectious_disease,respiratory,COVID-19,Nation,England,COVID-19_healthcare_admissionByDay,all,all,default,2024,2024-07-12,367.0000,False
infectious_disease,respiratory,COVID-19,Nation,England,COVID-19_healthcare_admissionByDay,all,all,default,2024,2024-07-11,425.0000,False
infectious_disease,respiratory,COVID-19,Nation,England,COVID-19_healthcare_admissionByDay,all,all,default,2024,2024-07-10,463.0000,False
infectious_disease,respiratory,COVID-19,Nation,England,COVID-19_healthcare_admissionByDay,all,all,default,2024,2024-07-09,490.0000,False
infectious_disease,respiratory,COVID-19,Nation,England,COVID-19_healthcare_admissionByDay,all,all,default,2024,2024-07-08,443.0000,False
infectious_disease,respiratory,COVID-19,Nation,England,COVID-19_healthcare_admissionByDay,all,all,default,2024,2024-07-07,425.0000,False
infectious_disease,respiratory,COVID-19,Nation,England,COVID-19_healthcare_admissionByDay,all,all,default,2024,2024-07-06,322.0000,False
infectious_disease,respiratory,COVID-19,Nation,England,COVID-19_healthcare_admissionByDay,all,all,default,2024,2024-07-05,323.0000,False
infectious_disease,respiratory,COVID-19,Nation,England,COVID-19_healthcare_admissionByDay,all,all,default,2024,2024-07-04,404.0000,False
infectious_disease,respiratory,COVID-19,Nation,England,COVID-19_healthcare_admissionByDay,all,all,default,2024,2024-07-03,405.0000,False
infectious_disease,respiratory,COVID-19,Nation,England,COVID-19_healthcare_admissionByDay,all,all,default,2024,2024-07-02,387.0000,False
infectious_disease,respiratory,COVID-19,Nation,England,COVID-19_healthcare_admissionByDay,all,all,default,2024,2024-07-01,387.0000,False
infectious_disease,respiratory,COVID-19,Nation,England,COVID-19_healthcare_admissionByDay,all,all,default,2024,2024-06-30,378.0000,False
infectious_disease,respiratory,COVID-19,Nation,England,COVID-19_healthcare_admissionByDay,all,all,default,2024,2024-06-29,293.0000,False
infectious_disease,respiratory,COVID-19,Nation,England,COVID-19_healthcare_admissionByDay,all,all,default,2024,2024-06-28,302.0000,False
infectious_disease,respiratory,COVID-19,Nation,England,COVID-19_healthcare_admissionByDay,all,all,default,2024,2024-06-27,411.0000,False
infectious_disease,respiratory,COVID-19,Nation,England,COVID-19_healthcare_admissionByDay,all,all,default,2024,2024-06-26,467.0000,False
infectious_disease,respiratory,COVID-19,Nation,England,COVID-19_healthcare_admissionByDay,all,all,default,2024,2024-06-25,457.0000,False
infectious_disease,respiratory,COVID-19,Nation,England,COVID-19_healthcare_admissionByDay,all,all,default,2024,2024-06-24,424.0000,False
infectious_disease,respiratory,COVID-19,Nation,England,COVID-19_healthcare_admissionByDay,all,all,default,2024,2024-06-23,413.0000,False
infectious_disease,respiratory,COVID-19,Nation,England,COVID-19_healthcare_admissionByDay,all,all,default,2024,2024-06-22,321.0000,False
infectious_disease,respiratory,COVID-19,Nation,England,COVID-19_healthcare_admissionByDay,all,all,default,2024,2024-06-21,343.0000,False
infectious_disease,respiratory,COVID-19,Nation,England,COVID-19_healthcare_admissionByDay,all,all,default,2024,2024-06-20,444.0000,False
infectious_disease,respiratory,COVID-19,Nation,England,COVID-19_healthcare_admissionByDay,all,all,default,2024,2024-06-19,436.0000,False
infectious_disease,respiratory,COVID-19,Nation,England,COVID-19_healthcare_admissionByDay,all,all,default,2024,2024-06-18,449.0000,False
infectious_disease,respiratory,COVID-19,Nation,England,COVID-19_healthcare_admissionByDay,all,all,default,2024,2024-06-17,396.0000,False
infectious_disease,respiratory,COVID-19,Nation,England,COVID-19_healthcare_admissionByDay,all,all,default,2024,2024-06-16,391.0000,False
infectious_disease,respiratory,COVID-19,Nation,England,COVID-19_healthcare_admissionByDay,all,all,default,2024,2024-06-15,277.0000,False
infectious_disease,respiratory,COVID-19,Nation,England,COVID-19_healthcare_admissionByDay,all,all,default,2024,2024-06-14,290.0000,False
infectious_disease,respiratory,COVID-19,Nation,England,COVID-19_healthcare_admissionByDay,all,all,default,2024,2024-06-13,328.0000,False
infectious_disease,respiratory,COVID-19,Nation,England,COVID-19_healthcare_admissionByDay,all,all,default,2024,2024-06-12,324.0000,False
infectious_disease,respiratory,COVID-19,Nation,England,COVID-19_healthcare_admissionByDay,all,all,default,2024,2024-06-11,332.0000,False
infectious_disease,respiratory,COVID-19,Nation,England,COVID-19_healthcare_admissionByDay,all,all,default,2024,2024-06-10,327.0000,False
infectious_disease,respiratory,COVID-19,Nation,England,COVID-19_healthcare_admissionByDay,all,all,default,2024,2024-06-09,294.0000,False
infectious_disease,respiratory,COVID-19,Nation,England,COVID-19_healthcare_admissionByDay,all,all,default,2024,2024-06-08,192.0000,False
infectious_disease,respiratory,COVID-19,Nation,England,COVID-19_healthcare_admissionByDay,all,all,default,2024,2024-06-07,207.0000,False
infectious_disease,respiratory,COVID-19,Nation,England,COVID-19_healthcare_admissionByDay,all,all,default,2024,2024-06-06,274.0000,False
infectious_disease,respiratory,COVID-19,Nation,England,COVID-19_healthcare_admissionByDay,all,all,default,2024,2024-06-05,253.0000,False
infectious_disease,respiratory,COVID-19,Nation,England,COVID-19_healthcare_admissionByDay,all,all,default,2024,2024-06-04,281.0000,False
infectious_disease,respiratory,COVID-19,Nation,England,COVID-19_healthcare_admissionByDay,all,all,default,2024,2024-06-03,260.0000,False
infectious_disease,respiratory,COVID-19,Nation,England,COVID-19_healthcare_admissionByDay,all,all,default,2024,2024-06-02,213.0000,False
infectious_disease,respiratory,COVID-19,Nation,England,COVID-19_healthcare_admissionByDay,all,all,default,2024,2024-06-01,189.0000,False
infectious_disease,respiratory,COVID-19,Nation,England,COVID-19_healthcare_admissionByDay,all,all,default,2024,2024-05-31,206.0000,False
infectious_disease,respiratory,COVID-19,Nation,England,COVID-19_healthcare_admissionByDay,all,all,default,2024,2024-05-30,263.0000,False
infectious_disease,respiratory,COVID-19,Nation,England,COVID-19_healthcare_admissionByDay,all,all,default,2024,2024-05-29,276.0000,False
infectious_disease,respiratory,COVID-19,Nation,England,COVID-19_healthcare_admissionByDay,all,all,default,2024,2024-05-28,255.0000,False
infectious_disease,respiratory,COVID-19,Nation,England,COVID-19_healthcare_admissionByDay,all,all,default,2024,2024-05-27,219.0000,False
infectious_disease,respiratory,COVID-19,Nation,England,COVID-19_healthcare_admissionByDay,all,all,default,2024,2024-05-26,198.0000,False
infectious_disease,respiratory,COVID-19,Nation,England,COVID-19_healthcare_admissionByDay,all,all,default,2024,2024-05-25,186.0000,False
infectious_disease,respiratory,COVID-19,Nation,England,COVID-19_healthcare_admissionByDay,all,all,default,2024,2024-05-24,197.0000,False
infectious_disease,respiratory,COVID-19,Nation,England,COVID-19_healthcare_admissionByDay,all,all,default,2024,2024-05-23,237.0000,False
infectious_disease,respiratory,COVID-19,Nation,England,COVID-19_healthcare_admissionByDay,all,all,default,2024,2024-05-22,254.0000,False
infectious_disease,respiratory,COVID-19,Nation,England,COVID-19_healthcare_admissionByDay,all,all,default,2024,2024-05-21,272.0000,False
infectious_disease,respiratory,COVID-19,Nation,England,COVID-19_healthcare_admissionByDay,all,all,default,2024,2024-05-20,244.0000,False
infectious_disease,respiratory,COVID-19,Nation,England,COVID-19_healthcare_admissionByDay,all,all,default,2024,2024-05-19,273.0000,False
infectious_disease,respiratory,COVID-19,Nation,England,COVID-19_healthcare_admissionByDay,all,all,default,2024,2024-05-18,183.0000,False
infectious_disease,respiratory,COVID-19,Nation,England,COVID-19_healthcare_admissionByDay,all,all,default,2024,2024-05-17,221.0000,False
infectious_disease,respiratory,COVID-19,Nation,England,COVID-19_healthcare_admissionByDay,all,all,default,2024,2024-05-16,271.0000,False
infectious_disease,respiratory,COVID-19,Nation,England,COVID-19_healthcare_admissionByDay,all,all,default,2024,2024-05-15,296.0000,False
infectious_disease,respiratory,COVID-19,Nation,England,COVID-19_healthcare_admissionByDay,all,all,default,2024,2024-05-14,322.0000,False
infectious_disease,respiratory,COVID-19,Nation,England,COVID-19_healthcare_admissionByDay,all,all,default,2024,2024-05-13,299.0000,False
infectious_disease,respiratory,COVID-19,Nation,England,COVID-19_healthcare_admissionByDay,all,all,default,2024,2024-05-12,301.0000,False
infectious_disease,respiratory,COVID-19,Nation,England,COVID-19_healthcare_admissionByDay,all,all,default,2024,2024-05-11,205.0000,False
infectious_disease,respiratory,COVID-19,Nation,England,COVID-19_healthcare_admissionByDay,all,all,default,2024,2024-05-10,260.0000,False
infectious_disease,respiratory,COVID-19,Nation,England,COVID-19_healthcare_admissionByDay,all,all,default,2024,2024-05-09,298.0000,False
infectious_disease,respiratory,COVID-19,Nation,England,COVID-19_healthcare_admissionByDay,all,all,default,2024,2024-05-08,375.0000,False
infectious_disease,respiratory,COVID-19,Nation,England,COVID-19_healthcare_admissionByDay,all,all,default,2024,2024-05-07,351.0000,False
infectious_disease,respiratory,COVID-19,Nation,England,COVID-19_healthcare_admissionByDay,all,all,default,2024,2024-05-06,332.0000,False
infectious_disease,respiratory,COVID-19,Nation,England,COVID-19_healthcare_admissionByDay,all,all,default,2024,2024-05-05,287.0000,False
infectious_disease,respiratory,COVID-19,Nation,England,COVID-19_healthcare_admissionByDay,all,all,default,2024,2024-05-04,227.0000,False
infectious_disease,respiratory,COVID-19,Nation,England,COVID-19_healthcare_admissionByDay,all,all,default,2024,2024-05-03,215.0000,False
infectious_disease,respiratory,COVID-19,Nation,England,COVID-19_healthcare_admissionByDay,all,all,default,2024,2024-05-02,312.0000,False
infectious_disease,respiratory,COVID-19,Nation,England,COVID-19_healthcare_admissionByDay,all,all,default,2024,2024-05-01,355.0000,False
infectious_disease,respiratory,COVID-19,Nation,England,COVID-19_healthcare_admissionByDay,all,all,default,2024,2024-04-30,314.0000,False
infectious_disease,respiratory,COVID-19,Nation,England,COVID-19_healthcare_admissionByDay,all,all,default,2024,2024-04-29,330.0000,False
infectious_disease,respiratory,COVID-19,Nation,England,COVID-19_healthcare_admissionByDay,all,all,default,2024,2024-04-28,269.0000,False
infectious_disease,respiratory,COVID-19,Nation,England,COVID-19_healthcare_admissionByDay,all,all,default,2024,2024-04-27,177.0000,False
infectious_disease,respiratory,COVID-19,Nation,England,COVID-19_healthcare_admissionByDay,all,all,default,2024,2024-04-26,221.0000,False
infectious_disease,respiratory,COVID-19,Nation,England,COVID-19_healthcare_admissionByDay,all,all,default,2024,2024-04-25,232.0000,False
infectious_disease,respiratory,COVID-19,Nation,England,COVID-19_healthcare_admissionByDay,all,all,default,2024,2024-04-24,251.0000,False
infectious_disease,respiratory,COVID-19,Nation,England,COVID-19_healthcare_admissionByDay,all,all,default,2024,2024-04-23,219.0000,False
infectious_disease,respiratory,COVID-19,Nation,England,COVID-19_healthcare_admissionByDay,all,all,default,2024,2024-04-22,229.0000,False
infectious_disease,respiratory,COVID-19,Nation,England,COVID-19_healthcare_admissionByDay,all,all,default,2024,2024-04-21,200.0000,False
infectious_disease,respiratory,COVID-19,Nation,England,COVID-19_healthcare_admissionByDay,all,all,default,2024,2024-04-20,131.0000,False
infectious_disease,respiratory,COVID-19,Nation,England,COVID-19_healthcare_admissionByDay,all,all,default,2024,2024-04-19,137.0000,False
infectious_disease,respiratory,COVID-19,Nation,England,COVID-19_healthcare_admissionByDay,all,all,default,2024,2024-04-18,184.0000,False
infectious_disease,respiratory,COVID-19,Nation,England,COVID-19_healthcare_admissionByDay,all,all,default,2024,2024-04-17,176.0000,False
infectious_disease,respiratory,COVID-19,Nation,England,COVID-19_healthcare_admissionByDay,all,all,default,2024,2024-04-16,199.0000,False
infectious_disease,respiratory,COVID-19,Nation,England,COVID-19_healthcare_admissionByDay,all,all,default,2024,2024-04-15,177.0000,False
infectious_disease,respiratory,COVID-19,Nation,England,COVID-19_healthcare_admissionByDay,all,all,default,2024,2024-04-14,171.0000,False
infectious_disease,respiratory,COVID-19,Nation,England,COVID-19_healthcare_admissionByDay,all,all,default,2024,2024-04-13,129.0000,False
infectious_disease,respiratory,COVID-19,Nation,England,COVID-19_healthcare_admissionByDay,all,all,default,2024,2024-04-12,144.0000,False
infectious_disease,respiratory,COVID-19,Nation,England,COVID-19_healthcare_admissionByDay,all,all,default,2024,2024-04-11,198.0000,False
infectious_disease,respiratory,COVID-19,Nation,England,COVID-19_healthcare_admissionByDay,all,all,default,2024,2024-04-10,171.0000,False
infectious_disease,respiratory,COVID-19,Nation,England,COVID-19_healthcare_admissionByDay,all,all,default,2024,2024-04-09,171.0000,False
infectious_disease,respiratory,COVID-19,Nation,England,COVID-19_healthcare_admissionByDay,all,all,default,2024,2024-04-08,186.0000,False
infectious_disease,respiratory,COVID-19,Nation,England,COVID-19_healthcare_admissionByDay,all,all,default,2024,2024-04-07,169.0000,False
infectious_disease,respiratory,COVID-19,Nation,England,COVID-19_healthcare_admissionByDay,all,all,default,2024,2024-04-06,126.0000,False
infectious_disease,respiratory,COVID-19,Nation,England,COVID-19_healthcare_admissionByDay,all,all,default,2024,2024-04-05,136.0000,False
infectious_disease,respiratory,COVID-19,Nation,England,COVID-19_healthcare_admissionByDay,all,all,default,2024,2024-04-04,174.0000,False
infectious_disease,respiratory,COVID-19,Nation,England,COVID-19_healthcare_admissionByDay,all,all,default,2024,2024-04-03,166.0000,False
infectious_disease,respiratory,COVID-19,Nation,England,COVID-19_healthcare_admissionByDay,all,all,default,2024,2024-04-02,200.0000,False
infectious_disease,respiratory,COVID-19,Nation,England,COVID-19_healthcare_admissionByDay,all,all,default,2024,2024-04-01,197.0000,False
infectious_disease,respiratory,COVID-19,Nation,England,COVID-19_healthcare_admissionByDay,all,all,default,2024,2024-03-31,136.0000,False
infectious_disease,respiratory,COVID-19,Nation,England,COVID-19_healthcare_admissionByDay,all,all,default,2024,2024-03-30,130.0000,False
infectious_disease,respiratory,COVID-19,Nation,England,COVID-19_healthcare_admissionByDay,all,all,default,2024,2024-03-29,152.0000,False
infectious_disease,respiratory,COVID-19,Nation,England,COVID-19_healthcare_admissionByDay,all,all,default,2024,2024-03-28,161.0000,False
infectious_disease,respiratory,COVID-19,Nation,England,COVID-19_healthcare_admissionByDay,all,all,default,2024,2024-03-27,195.0000,False
infectious_disease,respiratory,COVID-19,Nation,England,COVID-19_healthcare_admissionByDay,all,all,default,2024,2024-03-26,187.0000,False
infectious_disease,respiratory,COVID-19,Nation,England,COVID-19_healthcare_admissionByDay,all,all,default,2024,2024-03-25,175.0000,False
infectious_disease,respiratory,COVID-19,Nation,England,COVID-19_healthcare_admissionByDay,all,all,default,2024,2024-03-24,171.0000,False
infectious_disease,respiratory,COVID-19,Nation,England,COVID-19_healthcare_admissionByDay,all,all,default,2024,2024-03-23,128.0000,False
infectious_disease,respiratory,COVID-19,Nation,England,COVID-19_healthcare_admissionByDay,all,all,default,2024,2024-03-22,124.0000,False
infectious_disease,respiratory,COVID-19,Nation,England,COVID-19_healthcare_admissionByDay,all,all,default,2024,2024-03-21,158.0000,False
infectious_disease,respiratory,COVID-19,Nation,England,COVID-19_healthcare_admissionByDay,all,all,default,2024,2024-03-20,170.0000,False
infectious_disease,respiratory,COVID-19,Nation,England,COVID-19_healthcare_admissionByDay,all,all,default,2024,2024-03-19,149.0000,False
infectious_disease,respiratory,COVID-19,Nation,England,COVID-19_healthcare_admissionByDay,all,all,default,2024,2024-03-18,184.0000,False
infectious_disease,respiratory,COVID-19,Nation,England,COVID-19_healthcare_admissionByDay,all,all,default,2024,2024-03-17,190.0000,False
infectious_disease,respiratory,COVID-19,Nation,England,COVID-19_healthcare_admissionByDay,all,all,default,2024,2024-03-16,116.0000,False
infectious_disease,respiratory,COVID-19,Nation,England,COVID-19_healthcare_admissionByDay,all,all,default,2024,2024-03-15,148.0000,False
infectious_disease,respiratory,COVID-19,Nation,England,COVID-19_healthcare_admissionByDay,all,all,default,2024,2024-03-14,185.0000,False
infectious_disease,respiratory,COVID-19,Nation,England,COVID-19_healthcare_admissionByDay,all,all,default,2024,2024-03-13,206.0000,False
infectious_disease,respiratory,COVID-19,Nation,England,COVID-19_healthcare_admissionByDay,all,all,default,2024,2024-03-12,234.0000,False
infectious_disease,respiratory,COVID-19,Nation,England,COVID-19_healthcare_admissionByDay,all,all,default,2024,2024-03-11,195.0000,False
infectious_disease,respiratory,COVID-19,Nation,England,COVID-19_healthcare_admissionByDay,all,all,default,2024,2024-03-10,169.0000,False
infectious_disease,respiratory,COVID-19,Nation,England,COVID-19_healthcare_admissionByDay,all,all,default,2024,2024-03-09,149.0000,False
infectious_disease,respiratory,COVID-19,Nation,England,COVID-19_healthcare_admissionByDay,all,all,default,2024,2024-03-08,147.0000,False
infectious_disease,respiratory,COVID-19,Nation,England,COVID-19_healthcare_admissionByDay,all,all,default,2024,2024-03-07,193.0000,False
infectious_disease,respiratory,COVID-19,Nation,England,COVID-19_healthcare_admissionByDay,all,all,default,2024,2024-03-06,211.0000,False
infectious_disease,respiratory,COVID-19,Nation,England,COVID-19_healthcare_admissionByDay,all,all,default,2024,2024-03-05,200.0000,False
infectious_disease,respiratory,COVID-19,Nation,England,COVID-19_healthcare_admissionByDay,all,all,default,2024,2024-03-04,189.0000,False
infectious_disease,respiratory,COVID-19,Nation,England,COVID-19_healthcare_admissionByDay,all,all,default,2024,2024-03-03,157.0000,False
infectious_disease,respiratory,COVID-19,Nation,England,COVID-19_healthcare_admissionByDay,all,all,default,2024,2024-03-02,112.0000,False
infectious_disease,respiratory,COVID-19,Nation,England,COVID-19_healthcare_admissionByDay,all,all,default,2024,2024-03-01,156.0000,False
infectious_disease,respiratory,COVID-19,Nation,England,COVID-19_healthcare_admissionByDay,all,all,default,2024,2024-02-29,167.0000,False
infectious_disease,respiratory,COVID-19,Nation,England,COVID-19_healthcare_admissionByDay,all,all,default,2024,2024-02-28,159.0000,False
infectious_disease,respiratory,COVID-19,Nation,England,COVID-19_healthcare_admissionByDay,all,all,default,2024,2024-02-27,162.0000,False
infectious_disease,respiratory,COVID-19,Nation,England,COVID-19_healthcare_admissionByDay,all,all,default,2024,2024-02-26,199.0000,False
infectious_disease,respiratory,COVID-19,Nation,England,COVID-19_healthcare_admissionByDay,all,all,default,2024,2024-02-25,185.0000,False
infectious_disease,respiratory,COVID-19,Nation,England,COVID-19_healthcare_admissionByDay,all,all,default,2024,2024-02-24,136.0000,False
infectious_disease,respiratory,COVID-19,Nation,England,COVID-19_healthcare_admissionByDay,all,all,default,2024,2024-02-23,183.0000,False
infectious_disease,respiratory,COVID-19,Nation,England,COVID-19_healthcare_admissionByDay,all,all,default,2024,2024-02-22,198.0000,False
infectious_disease,respiratory,COVID-19,Nation,England,COVID-19_healthcare_admissionByDay,all,all,default,2024,2024-02-21,247.0000,False
infectious_disease,respiratory,COVID-19,Nation,England,COVID-19_healthcare_admissionByDay,all,all,default,2024,2024-02-20,264.0000,False
infectious_disease,respiratory,COVID-19,Nation,England,COVID-19_healthcare_admissionByDay,all,all,default,2024,2024-02-19,261.0000,False
infectious_disease,respiratory,COVID-19,Nation,England,COVID-19_healthcare_admissionByDay,all,all,default,2024,2024-02-18,234.0000,False
infectious_disease,respiratory,COVID-19,Nation,England,COVID-19_healthcare_admissionByDay,all,all,default,2024,2024-02-17,199.0000,False
infectious_disease,respiratory,COVID-19,Nation,England,COVID-19_healthcare_admissionByDay,all,all,default,2024,2024-02-16,248.0000,False
infectious_disease,respiratory,COVID-19,Nation,England,COVID-19_healthcare_admissionByDay,all,all,default,2024,2024-02-15,315.0000,False
infectious_disease,respiratory,COVID-19,Nation,England,COVID-19_healthcare_admissionByDay,all,all,default,2024,2024-02-14,264.0000,False
infectious_disease,respiratory,COVID-19,Nation,England,COVID-19_healthcare_admissionByDay,all,all,default,2024,2024-02-13,298.0000,False
infectious_disease,respiratory,COVID-19,Nation,England,COVID-19_healthcare_admissionByDay,all,all,default,2024,2024-02-12,290.0000,False
infectious_disease,respiratory,COVID-19,Nation,England,COVID-19_healthcare_admissionByDay,all,all,default,2024,2024-02-11,282.0000,False
infectious_disease,respiratory,COVID-19,Nation,England,COVID-19_healthcare_admissionByDay,all,all,default,2024,2024-02-10,235.0000,False
infectious_disease,respiratory,COVID-19,Nation,England,COVID-19_healthcare_admissionByDay,all,all,default,2024,2024-02-09,270.0000,False
infectious_disease,respiratory,COVID-19,Nation,England,COVID-19_healthcare_admissionByDay,all,all,default,2024,2024-02-08,327.0000,False
infectious_disease,respiratory,COVID-19,Nation,England,COVID-19_healthcare_admissionByDay,all,all,default,2024,2024-02-07,374.0000,False
infectious_disease,respiratory,COVID-19,Nation,England,COVID-19_healthcare_admissionByDay,all,all,default,2024,2024-02-06,416.0000,False
infectious_disease,respiratory,COVID-19,Nation,England,COVID-19_healthcare_admissionByDay,all,all,default,2024,2024-02-05,426.0000,False
infectious_disease,respiratory,COVID-19,Nation,England,COVID-19_healthcare_admissionByDay,all,all,default,2024,2024-02-04,418.0000,False
infectious_disease,respiratory,COVID-19,Nation,England,COVID-19_healthcare_admissionByDay,all,all,default,2024,2024-02-03,357.0000,False
infectious_disease,respiratory,COVID-19,Nation,England,COVID-19_healthcare_admissionByDay,all,all,default,2024,2024-02-02,319.0000,False
infectious_disease,respiratory,COVID-19,Nation,England,COVID-19_healthcare_admissionByDay,all,all,default,2024,2024-02-01,403.0000,False
infectious_disease,respiratory,COVID-19,Nation,England,COVID-19_healthcare_admissionByDay,all,all,default,2024,2024-01-31,436.0000,False
infectious_disease,respiratory,COVID-19,Nation,England,COVID-19_healthcare_admissionByDay,all,all,default,2024,2024-01-30,482.0000,False
infectious_disease,respiratory,COVID-19,Nation,England,COVID-19_healthcare_admissionByDay,all,all,default,2024,2024-01-29,458.0000,False
infectious_disease,respiratory,COVID-19,Nation,England,COVID-19_healthcare_admissionByDay,all,all,default,2024,2024-01-28,419.0000,False
infectious_disease,respiratory,COVID-19,Nation,England,COVID-19_healthcare_admissionByDay,all,all,default,2024,2024-01-27,322.0000,False
infectious_disease,respiratory,COVID-19,Nation,England,COVID-19_healthcare_admissionByDay,all,all,default,2024,2024-01-26,361.0000,False
infectious_disease,respiratory,COVID-19,Nation,England,COVID-19_healthcare_admissionByDay,all,all,default,2024,2024-01-25,478.0000,False
infectious_disease,respiratory,COVID-19,Nation,England,COVID-19_healthcare_admissionByDay,all,all,default,2024,2024-01-24,571.0000,False
infectious_disease,respiratory,COVID-19,Nation,England,COVID-19_healthcare_admissionByDay,all,all,default,2024,2024-01-23,597.0000,False
infectious_disease,respiratory,COVID-19,Nation,England,COVID-19_healthcare_admissionByDay,all,all,default,2024,2024-01-22,554.0000,False
infectious_disease,respiratory,COVID-19,Nation,England,COVID-19_healthcare_admissionByDay,all,all,default,2024,2024-01-21,547.0000,False
infectious_disease,respiratory,COVID-19,Nation,England,COVID-19_healthcare_admissionByDay,all,all,default,2024,2024-01-20,429.0000,False
infectious_disease,respiratory,COVID-19,Nation,England,COVID-19_healthcare_admissionByDay,all,all,default,2024,2024-01-19,458.0000,False
infectious_disease,respiratory,COVID-19,Nation,England,COVID-19_healthcare_admissionByDay,all,all,default,2024,2024-01-18,502.0000,False
infectious_disease,respiratory,COVID-19,Nation,England,COVID-19_healthcare_admissionByDay,all,all,default,2024,2024-01-17,558.0000,False
infectious_disease,respiratory,COVID-19,Nation,England,COVID-19_healthcare_admissionByDay,all,all,default,2024,2024-01-16,527.0000,False
infectious_disease,respiratory,COVID-19,Nation,England,COVID-19_healthcare_admissionByDay,all,all,default,2024,2024-01-15,555.0000,False
infectious_disease,respiratory,COVID-19,Nation,England,COVID-19_healthcare_admissionByDay,all,all,default,2024,2024-01-14,438.0000,False
infectious_disease,respiratory,COVID-19,Nation,England,COVID-19_healthcare_admissionByDay,all,all,default,2024,2024-01-13,355.0000,False
infectious_disease,respiratory,COVID-19,Nation,England,COVID-19_healthcare_admissionByDay,all,all,default,2024,2024-01-12,387.0000,False
infectious_disease,respiratory,COVID-19,Nation,England,COVID-19_healthcare_admissionByDay,all,all,default,2024,2024-01-11,503.0000,False
infectious_disease,respiratory,COVID-19,Nation,England,COVID-19_healthcare_admissionByDay,all,all,default,2024,2024-01-10,503.0000,False
infectious_disease,respiratory,COVID-19,Nation,England,COVID-19_healthcare_admissionByDay,all,all,default,2024,2024-01-09,517.0000,False
infectious_disease,respiratory,COVID-19,Nation,England,COVID-19_healthcare_admissionByDay,all,all,default,2024,2024-01-08,506.0000,False
infectious_disease,respiratory,COVID-19,Nation,England,COVID-19_healthcare_admissionByDay,all,all,default,2024,2024-01-07,455.0000,False
infectious_disease,respiratory,COVID-19,Nation,England,COVID-19_healthcare_admissionByDay,all,all,default,2024,2024-01-06,421.0000,False
infectious_disease,respiratory,COVID-19,Nation,England,COVID-19_healthcare_admissionByDay,all,all,default,2024,2024-01-05,489.0000,False
infectious_disease,respiratory,COVID-19,Nation,England,COVID-19_healthcare_admissionByDay,all,all,default,2024,2024-01-04,566.0000,False
infectious_disease,respiratory,COVID-19,Nation,England,COVID-19_healthcare_admissionByDay,all,all,default,2024,2024-01-03,636.0000,False
infectious_disease,respiratory,COVID-19,Nation,England,COVID-19_healthcare_admissionByDay,all,all,default,2024,2024-01-02,649.0000,False
infectious_disease,respiratory,COVID-19,Nation,England,COVID-19_healthcare_admissionByDay,all,all,default,2024,2024-01-01,584.0000,False
infectious_disease,respiratory,COVID-19,Nation,England,COVID-19_healthcare_admissionByDay,all,all,default,2023,2023-12-31,525.0000,False
infectious_disease,respiratory,COVID-19,Nation,England,COVID-19_healthcare_admissionByDay,all,all,default,2023,2023-12-30,527.0000,False
infectious_disease,respiratory,COVID-19,Nation,England,COVID-19_healthcare_admissionByDay,all,all,default,2023,2023-12-29,580.0000,False
infectious_disease,respiratory,COVID-19,Nation,England,COVID-19_healthcare_admissionByDay,all,all,default,2023,2023-12-28,615.0000,False
infectious_disease,respiratory,COVID-19,Nation,England,COVID-19_healthcare_admissionByDay,all,all,default,2023,2023-12-27,673.0000,False
infectious_disease,respiratory,COVID-19,Nation,England,COVID-19_healthcare_admissionByDay,all,all,default,2023,2023-12-26,605.0000,False
infectious_disease,respiratory,COVID-19,Nation,England,COVID-19_healthcare_admissionByDay,all,all,default,2023,2023-12-25,456.0000,False
infectious_disease,respiratory,COVID-19,Nation,England,COVID-19_healthcare_admissionByDay,all,all,default,2023,2023-12-24,382.0000,False
infectious_disease,respiratory,COVID-19,Nation,England,COVID-19_healthcare_admissionByDay,all,all,default,2023,2023-12-23,422.0000,False
infectious_disease,respiratory,COVID-19,Nation,England,COVID-19_healthcare_admissionByDay,all,all,default,2023,2023-12-22,453.0000,False
infectious_disease,respiratory,COVID-19,Nation,England,COVID-19_healthcare_admissionByDay,all,all,default,2023,2023-12-21,549.0000,False
infectious_disease,respiratory,COVID-19,Nation,England,COVID-19_healthcare_admissionByDay,all,all,default,2023,2023-12-20,617.0000,False
infectious_disease,respiratory,COVID-19,Nation,England,COVID-19_healthcare_admissionByDay,all,all,default,2023,2023-12-19,652.0000,False
infectious_disease,respiratory,COVID-19,Nation,England,COVID-19_healthcare_admissionByDay,all,all,default,2023,2023-12-18,599.0000,False
infectious_disease,respiratory,COVID-19,Nation,England,COVID-19_healthcare_admissionByDay,all,all,default,2023,2023-12-17,534.0000,False
infectious_disease,respiratory,COVID-19,Nation,England,COVID-19_healthcare_admissionByDay,all,all,default,2023,2023-12-16,400.0000,False
infectious_disease,respiratory,COVID-19,Nation,England,COVID-19_healthcare_admissionByDay,all,all,default,2023,2023-12-15,413.0000,False
infectious_disease,respiratory,COVID-19,Nation,England,COVID-19_healthcare_admissionByDay,all,all,default,2023,2023-12-14,458.0000,False
infectious_disease,respiratory,COVID-19,Nation,England,COVID-19_healthcare_admissionByDay,all,all,default,2023,2023-12-13,510.0000,False
infectious_disease,respiratory,COVID-19,Nation,England,COVID-19_healthcare_admissionByDay,all,all,default,2023,2023-12-12,476.0000,False
infectious_disease,respiratory,COVID-19,Nation,England,COVID-19_healthcare_admissionByDay,all,all,default,2023,2023-12-11,514.0000,False
infectious_disease,respiratory,COVID-19,Nation,England,COVID-19_healthcare_admissionByDay,all,all,default,2023,2023-12-10,483.0000,False
infectious_disease,respiratory,COVID-19,Nation,England,COVID-19_healthcare_admissionByDay,all,all,default,2023,2023-12-09,348.0000,False
infectious_disease,respiratory,COVID-19,Nation,England,COVID-19_healthcare_admissionByDay,all,all,default,2023,2023-12-08,307.0000,False
infectious_disease,respiratory,COVID-19,Nation,England,COVID-19_healthcare_admissionByDay,all,all,default,2023,2023-12-07,364.0000,False
infectious_disease,respiratory,COVID-19,Nation,England,COVID-19_healthcare_admissionByDay,all,all,default,2023,2023-12-06,455.0000,False
infectious_disease,respiratory,COVID-19,Nation,England,COVID-19_healthcare_admissionByDay,all,all,default,2023,2023-12-05,420.0000,False
infectious_disease,respiratory,COVID-19,Nation,England,COVID-19_healthcare_admissionByDay,all,all,default,2023,2023-12-04,430.0000,False
infectious_disease,respiratory,COVID-19,Nation,England,COVID-19_healthcare_admissionByDay,all,all,default,2023,2023-12-03,380.0000,False
infectious_disease,respiratory,COVID-19,Nation,England,COVID-19_healthcare_admissionByDay,all,all,default,2023,2023-12-02,263.0000,False
infectious_disease,respiratory,COVID-19,Nation,England,COVID-19_healthcare_admissionByDay,all,all,default,2023,2023-12-01,255.0000,False
infectious_disease,respiratory,COVID-19,Nation,England,COVID-19_healthcare_admissionByDay,all,all,default,2023,2023-11-30,305.0000,False
infectious_disease,respiratory,COVID-19,Nation,England,COVID-19_healthcare_admissionByDay,all,all,default,2023,2023-11-29,324.0000,False
infectious_disease,respiratory,COVID-19,Nation,England,COVID-19_healthcare_admissionByDay,all,all,default,2023,2023-11-28,332.0000,False
infectious_disease,respiratory,COVID-19,Nation,England,COVID-19_healthcare_admissionByDay,all,all,default,2023,2023-11-27,327.0000,False
infectious_disease,respiratory,COVID-19,Nation,England,COVID-19_healthcare_admissionByDay,all,all,default,2023,2023-11-26,302.0000,False
infectious_disease,respiratory,COVID-19,Nation,England,COVID-19_healthcare_admissionByDay,all,all,default,2023,2023-11-25,215.0000,False
infectious_disease,respiratory,COVID-19,Nation,England,COVID-19_healthcare_admissionByDay,all,all,default,2023,2023-11-24,231.0000,False
infectious_disease,respiratory,COVID-19,Nation,England,COVID-19_healthcare_admissionByDay,all,all,default,2023,2023-11-23,283.0000,False
infectious_disease,respiratory,COVID-19,Nation,England,COVID-19_healthcare_admissionByDay,all,all,default,2023,2023-11-22,291.0000,False
infectious_disease,respiratory,COVID-19,Nation,England,COVID-19_healthcare_admissionByDay,all,all,default,2023,2023-11-21,295.0000,False
infectious_disease,respiratory,COVID-19,Nation,England,COVID-19_healthcare_admissionByDay,all,all,default,2023,2023-11-20,280.0000,False
infectious_disease,respiratory,COVID-19,Nation,England,COVID-19_healthcare_admissionByDay,all,all,default,2023,2023-11-19,281.0000,False
infectious_disease,respiratory,COVID-19,Nation,England,COVID-19_healthcare_admissionByDay,all,all,default,2023,2023-11-18,216.0000,False
infectious_disease,respiratory,COVID-19,Nation,England,COVID-19_healthcare_admissionByDay,all,all,default,2023,2023-11-17,233.0000,False
infectious_disease,respiratory,COVID-19,Nation,England,COVID-19_healthcare_admissionByDay,all,all,default,2023,2023-11-16,282.0000,False
infectious_disease,respiratory,COVID-19,Nation,England,COVID-19_healthcare_admissionByDay,all,all,default,2023,2023-11-15,316.0000,False
infectious_disease,respiratory,COVID-19,Nation,England,COVID-19_healthcare_admissionByDay,all,all,default,2023,2023-11-14,313.0000,False
infectious_disease,respiratory,COVID-19,Nation,England,COVID-19_healthcare_admissionByDay,all,all,default,2023,2023-11-13,314.0000,False
infectious_disease,respiratory,COVID-19,Nation,England,COVID-19_healthcare_admissionByDay,all,all,default,2023,2023-11-12,303.0000,False
infectious_disease,respiratory,COVID-19,Nation,England,COVID-19_healthcare_admissionByDay,all,all,default,2023,2023-11-11,251.0000,False
infectious_disease,respiratory,COVID-19,Nation,England,COVID-19_healthcare_admissionByDay,all,all,default,2023,2023-11-10,238.0000,False
infectious_disease,respiratory,COVID-19,Nation,England,COVID-19_healthcare_admissionByDay,all,all,default,2023,2023-11-09,351.0000,False
infectious_disease,respiratory,COVID-19,Nation,England,COVID-19_healthcare_admissionByDay,all,all,default,2023,2023-11-08,338.0000,False
infectious_disease,respiratory,COVID-19,Nation,England,COVID-19_healthcare_admissionByDay,all,all,default,2023,2023-11-07,356.0000,False
infectious_disease,respiratory,COVID-19,Nation,England,COVID-19_healthcare_admissionByDay,all,all,default,2023,2023-11-06,361.0000,False
infectious_disease,respiratory,COVID-19,Nation,England,COVID-19_healthcare_admissionByDay,all,all,default,2023,2023-11-05,362.0000,False
infectious_disease,respiratory,COVID-19,Nation,England,COVID-19_healthcare_admissionByDay,all,all,default,2023,2023-11-04,294.0000,False
infectious_disease,respiratory,COVID-19,Nation,England,COVID-19_healthcare_admissionByDay,all,all,default,2023,2023-11-03,289.0000,False
infectious_disease,respiratory,COVID-19,Nation,England,COVID-19_healthcare_admissionByDay,all,all,default,2023,2023-11-02,379.0000,False
infectious_disease,respiratory,COVID-19,Nation,England,COVID-19_healthcare_admissionByDay,all,all,default,2023,2023-11-01,378.0000,False
